shapeID,shapeName,bps_code,bps_name,match
22746128B65593111718524,Aceh Barat,1107,Aceh Barat,exact
22746128B227561513795,Aceh Barat Daya,1112,Aceh Barat Daya,exact
22746128B90547447297479,Aceh Besar,1108,Aceh Besar,exact
22746128B21424895456858,Aceh Jaya,1116,Aceh Jaya,exact
22746128B12428400263117,Aceh Selatan,1103,Aceh Selatan,exact
22746128B17710719872214,Aceh Singkil,1102,Aceh Singkil,exact
22746128B57620394058931,Aceh Tamiang,1114,Aceh Tamiang,exact
22746128B89023327523654,Aceh Tengah,1106,Aceh Tengah,exact
22746128B65780821536148,Aceh Tenggara,1104,Aceh Tenggara,exact
22746128B94735591859977,Aceh Timur,1105,Aceh Timur,exact
22746128B43339434023645,Aceh Utara,1111,Aceh Utara,exact
22746128B89220130199878,Agam,1307,Agam,exact
22746128B1117135414899,Alor,5307,Alor,exact
22746128B26461090721788,Asahan,1208,Asahan,exact
22746128B62198228854475,Asmat,9415,Asmat,exact
22746128B76986430159502,Badung,5103,Badung,exact
22746128B67876608948387,Balangan,6311,Balangan,exact
22746128B73297609500416,Bandung,3204,Bandung,exact
22746128B79756617117888,Bandung Barat,3217,Bandung Barat,exact
22746128B48169474795911,Banggai,7202,Banggai,exact
22746128B2571336805106,Banggai Kepulauan,7201,Banggai Kepulauan,exact
22746128B78411617556279,Banggai Laut,7211,Banggai Laut,exact
22746128B27585215741432,Bangka,1901,Bangka,exact
22746128B47433230053131,Bangka Barat,1903,Bangka Barat,exact
22746128B19321376976921,Bangka Selatan,1905,Bangka Selatan,exact
22746128B66707258567489,Bangka Tengah,1904,Bangka Tengah,exact
22746128B23347682239441,Bangkalan,3526,Bangkalan,exact
22746128B25936754669599,Bangli,5106,Bangli,exact
22746128B79736905882971,Banjar,6303,Banjar,exact
22746128B31481808975183,Banjarnegara,3304,Banjarnegara,exact
22746128B71175962379658,Bantaeng,7303,Bantaeng,exact
22746128B15956982783625,Bantul,3402,Bantul,exact
22746128B71070720422540,Banyu Asin,1607,Banyu Asin,exact
22746128B18933963724988,Banyumas,3302,Banyumas,exact
22746128B51270543903443,Banyuwangi,3510,Banyuwangi,exact
22746128B88870484763637,Barito Kuala,6304,Barito Kuala,exact
22746128B74191069780867,Barito Selatan,6204,Barito Selatan,exact
22746128B29529230943245,Barito Timur,6212,Barito Timur,exact
22746128B89680104320053,Barito Utara,6205,Barito Utara,exact
22746128B81694843903641,Barru,7310,Barru,exact
22746128B4894534477686,Batang,3325,Batang,exact
22746128B80000441774097,Batang Hari,1504,Batang Hari,exact
22746128B96384374000902,Batu Bara,1219,Batu Bara,exact
22746128B74302729610221,Bekasi,3216,Bekasi,exact
22746128B80009106787015,Belitung,1902,Belitung,exact
22746128B98690900191937,Belitung Timur,1906,Belitung Timur,exact
22746128B36840991830224,Belu,5306,Belu,exact
22746128B4257100474226,Bener Meriah,1117,Bener Meriah,exact
22746128B45456061674897,Bengkalis,1408,Bengkalis,exact
22746128B96004883426087,Bengkayang,6102,Bengkayang,exact
22746128B78254403614329,Bengkulu Selatan,1701,Bengkulu Selatan,exact
22746128B16836972822517,Bengkulu Tengah,1709,Bengkulu Tengah,exact
22746128B39887218554518,Bengkulu Utara,1703,Bengkulu Utara,exact
22746128B34069275840087,Berau,6405,Berau,exact
22746128B19254678251292,Biak Numfor,9409,Biak Numfor,exact
22746128B14082340634491,Bima,5206,Bima,exact
22746128B62804497316712,Bintan,2102,Bintan,exact
22746128B71427834061478,Bireuen,1110,Bireuen,exact
22746128B45235083091424,Blitar,3505,Blitar,exact
22746128B85780086903212,Blora,3316,Blora,exact
22746128B1718153682633,Boalemo,7501,Boalemo,exact
22746128B99423643145371,Bogor,3201,Bogor,exact
22746128B62232019301027,Bojonegoro,3522,Bojonegoro,exact
22746128B99982169683342,Bolaang Mongondow,7101,Bolaang Mongondow,exact
22746128B14720240696101,Bolaang Mongondow Selatan,7110,Bolaang Mongondow Selatan,exact
22746128B26195600949416,Bolaang Mongondow Timur,7111,Bolaang Mongondow Timur,exact
22746128B96389329417801,Bolaang Mongondow Utara,7107,Bolaang Mongondow Utara,exact
22746128B28760414544557,Bombana,7406,Bombana,exact
22746128B61555758059649,Bondowoso,3511,Bondowoso,exact
22746128B25468135680533,Bone,7311,Bone,exact
22746128B41707288718561,Bone Bolango,7504,Bone Bolango,exact
22746128B21273779065212,Boven Digoel,9413,Boven Digoel,exact
22746128B51975137382727,Boyolali,3309,Boyolali,exact
22746128B82312103386068,Brebes,3329,Brebes,exact
22746128B19337828575841,Buleleng,5108,Buleleng,exact
22746128B72639885395673,Bulukumba,7302,Bulukumba,exact
22746128B10941975158621,Bulungan,6502,Bulungan,exact
22746128B28569646979400,Bungo,1509,Bungo,exact
22746128B60636029206407,Buol,7207,Buol,exact
22746128B29167244459072,Buru,8104,Buru,exact
22746128B90083339512512,Buru Selatan,8109,Buru Selatan,exact
22746128B86741169633217,Buton,7401,Buton,exact
22746128B94245100908076,Buton Selatan,7415,Buton Selatan,exact
22746128B6718763508294,Buton Tengah,7414,Buton Tengah,exact
22746128B51044624823813,Buton Utara,7409,Buton Utara,exact
22746128B17121530580660,Ciamis,3207,Ciamis,exact
22746128B34542084533901,Cianjur,3203,Cianjur,exact
22746128B37209370352000,Cilacap,3301,Cilacap,exact
22746128B77544549346240,Cirebon,3209,Cirebon,exact
22746128B7455670127099,Dairi,1210,Dairi,exact
22746128B15758871990616,Danau,,,EXCLUDED
22746128B58041142516585,Danau Toba,,,EXCLUDED
22746128B51921656212420,Deiyai,9436,Deiyai,exact
22746128B17104196518473,Deli Serdang,1212,Deli Serdang,exact
22746128B71519500232359,Demak,3321,Demak,exact
22746128B7219534805401,Dharmasraya,1311,Dharmasraya,exact
22746128B76462588476684,Dogiyai,9434,Dogiyai,exact
22746128B31420255543838,Dompu,5205,Dompu,exact
22746128B11403753934380,Donggala,7205,Donggala,exact
22746128B47089116764549,Empat Lawang,1611,Empat Lawang,exact
22746128B46201528673681,Ende,5311,Ende,exact
22746128B73854324401708,Enrekang,7316,Enrekang,exact
22746128B79106566109504,Fakfak,9101,Fakfak,exact
22746128B68993103553012,Flores Timur,5309,Flores Timur,exact
22746128B66421464971893,Garut,3205,Garut,exact
22746128B71384327775718,Gayo Lues,1113,Gayo Lues,exact
22746128B44616450347238,Gianyar,5104,Gianyar,exact
22746128B1660874628525,Gorontalo,7502,Gorontalo,exact
22746128B78667545948550,Gorontalo Utara,7505,Gorontalo Utara,exact
22746128B57887954309635,Gowa,7306,Gowa,exact
22746128B46933486274006,Gresik,3525,Gresik,exact
22746128B71964042918672,Grobogan,3315,Grobogan,exact
22746128B54859500646728,Gunung Kidul,3403,Gunung Kidul,exact
22746128B12491014044373,Gunung Mas,6211,Gunung Mas,exact
22746128B52341022582766,Halmahera Barat,8201,Halmahera Barat,exact
22746128B2838702785556,Halmahera Selatan,8204,Halmahera Selatan,exact
22746128B46636453933041,Halmahera Tengah,8202,Halmahera Tengah,exact
22746128B70343351071090,Halmahera Timur,8206,Halmahera Timur,exact
22746128B41252486574655,Halmahera Utara,8205,Halmahera Utara,exact
22746128B37889128386884,Hulu Sungai Selatan,6306,Hulu Sungai Selatan,exact
22746128B20472072190374,Hulu Sungai Tengah,6307,Hulu Sungai Tengah,exact
22746128B21492383155838,Hulu Sungai Utara,6308,Hulu Sungai Utara,exact
22746128B305851071948,Humbang Hasundutan,1215,Humbang Hasundutan,exact
22746128B69994664325988,Hutan,,,EXCLUDED
22746128B36468792556341,Indragiri Hilir,1403,Indragiri Hilir,exact
22746128B72920479258091,Indragiri Hulu,1402,Indragiri Hulu,exact
22746128B59462811669242,Indramayu,3212,Indramayu,exact
22746128B83440404091664,Intan Jaya,9435,Intan Jaya,exact
22746128B71103770185906,Jayapura,9403,Jayapura,exact
22746128B40741333574981,Jayawijaya,9402,Jayawijaya,exact
22746128B56085237319005,Jember,3509,Jember,exact
22746128B85592790675198,Jembrana,5101,Jembrana,exact
22746128B64050318598962,Jeneponto,7304,Jeneponto,exact
22746128B68650893607060,Jepara,3320,Jepara,exact
22746128B39847330151566,Jombang,3517,Jombang,exact
22746128B93097528927367,Kaimana,9102,Kaimana,exact
22746128B8837306932395,Kampar,1406,Kampar,exact
22746128B40136746216216,Kapuas,6203,Kapuas,exact
22746128B82886709098386,Kapuas Hulu,6108,Kapuas Hulu,exact
22746128B60715781377305,Karang Asem,5107,Karang Asem,exact
22746128B38192287274107,Karanganyar,3313,Karanganyar,exact
22746128B53840275251202,Karawang,3215,Karawang,exact
22746128B38340908247842,Karimun,2101,Karimun,exact
22746128B49947212525753,Karo,1211,Karo,exact
22746128B40819362853427,Katingan,6209,Katingan,exact
22746128B79405855452274,Kaur,1704,Kaur,exact
22746128B56151469580770,Kayong Utara,6111,Kayong Utara,exact
22746128B26305825050369,Kebumen,3305,Kebumen,exact
22746128B82286187836997,Kediri,3506,Kediri,exact
22746128B17774751253690,Keerom,9420,Keerom,exact
22746128B21241240008354,Kendal,3324,Kendal,exact
22746128B30869437307727,Kepahiang,1708,Kepahiang,exact
22746128B99951880476592,Kepulauan Anambas,2105,Kepulauan Anambas,exact
22746128B17511076551422,Kepulauan Aru,8105,Kepulauan Aru,exact
22746128B86355072671334,Kepulauan Mentawai,1301,Kepulauan Mentawai,exact
22746128B32802105420608,Kepulauan Meranti,1410,Kepulauan Meranti,exact
22746128B28296608330436,Kepulauan Sangihe,7103,Kepulauan Sangihe,exact
22746128B1615833901652,Kepulauan Selayar,7301,Kepulauan Selayar,exact
22746128B63742079715926,Kepulauan Seribu,3101,Kepulauan Seribu,exact
22746128B81791072961966,Kepulauan Sula,8203,Kepulauan Sula,exact
22746128B45484540858108,Kepulauan Talaud,7104,Kepulauan Talaud,exact
22746128B96094928872069,Kepulauan Yapen,9408,Kepulauan Yapen,exact
22746128B64633952285861,Kerinci,1501,Kerinci,exact
22746128B56277764926455,Ketapang,6106,Ketapang,exact
22746128B24447956326165,Klaten,3310,Klaten,exact
22746128B73073409478343,Klungkung,5105,Klungkung,exact
22746128B69202393010200,Kolaka,7404,Kolaka,exact
22746128B88028223529334,Kolaka Timur,7411,Kolaka Timur,exact
22746128B11198700179718,Kolaka Utara,7408,Kolaka Utara,exact
22746128B78249855862414,Konawe,7403,Konawe,exact
22746128B22870517920414,Konawe Kepulauan,7412,Konawe Kepulauan,exact
22746128B90195550492320,Konawe Selatan,7405,Konawe Selatan,exact
22746128B68991025063444,Konawe Utara,7410,Konawe Utara,exact
22746128B58388026658287,Kota Ambon,8171,Ambon,exact
22746128B66626446070966,Kota Balikpapan,6471,Balikpapan,exact
22746128B56363132836699,Kota Banda Aceh,1171,Banda Aceh,exact
22746128B13880384963573,Kota Bandar Lampung,1871,Bandar Lampung,exact
22746128B71762235135177,Kota Bandung,3273,Bandung,exact
22746128B64728543729693,Kota Banjar,3279,Banjar,exact
22746128B6711072078761,Kota Banjar Baru,6372,Banjar Baru,exact
22746128B37126944555810,Kota Banjarmasin,6371,Banjarmasin,exact
22746128B85816588264471,Kota Baru,6302,Kota Baru,manual
22746128B16651418017337,Kota Batam,2171,B A T A M,exact
22746128B69457994360094,Kota Batu,3579,Batu,exact
22746128B66779214231616,Kota Baubau,7472,Baubau,exact
22746128B54763839112631,Kota Bekasi,3275,Bekasi,exact
22746128B322693337562,Kota Bengkulu,1771,Bengkulu,exact
22746128B33789977192923,Kota Bima,5272,Bima,exact
22746128B66679629138785,Kota Binjai,1276,Binjai,exact
22746128B20507278995893,Kota Bitung,7172,Bitung,exact
22746128B15123001204790,Kota Blitar,3572,Blitar,exact
22746128B63896883204987,Kota Bogor,3271,Bogor,exact
22746128B2679722836886,Kota Bontang,6474,Bontang,exact
22746128B12322141134935,Kota Bukittinggi,1375,Bukittinggi,exact
22746128B25933583546422,Kota Cilegon,3672,Cilegon,exact
22746128B53430054982428,Kota Cimahi,3277,Cimahi,exact
22746128B80288264799633,Kota Cirebon,3274,Cirebon,exact
22746128B89164850776530,Kota Denpasar,5171,Denpasar,exact
22746128B73481124779947,Kota Depok,3276,Depok,exact
22746128B18875576502901,Kota Dumai,1473,D U M A I,exact
22746128B66202348563483,Kota Gorontalo,7571,Gorontalo,exact
22746128B74256869593133,Kota Gunungsitoli,1278,Gunungsitoli,exact
22746128B58252967349746,Kota Jakarta Barat,3174,Jakarta Barat,exact
22746128B21128962092426,Kota Jakarta Pusat,3173,Jakarta Pusat,exact
22746128B93686700937380,Kota Jakarta Selatan,3171,Jakarta Selatan,exact
22746128B5353616278909,Kota Jakarta Timur,3172,Jakarta Timur,exact
22746128B85966169947265,Kota Jakarta Utara,3175,Jakarta Utara,exact
22746128B99667418524197,Kota Jambi,1571,Jambi,exact
22746128B85346986276333,Kota Jayapura,9471,Jayapura,exact
22746128B79918158306090,Kota Kediri,3571,Kediri,exact
22746128B80961359079738,Kota Kendari,7471,Kendari,exact
22746128B93986330379000,Kota Kotamobagu,7174,Kotamobagu,exact
22746128B56606429525327,Kota Kupang,5371,Kupang,exact
22746128B69628984727954,Kota Langsa,1173,Langsa,exact
22746128B88010078110453,Kota Lhokseumawe,1174,Lhokseumawe,exact
22746128B74548717001691,Kota Lubuklinggau,1674,Lubuklinggau,exact
22746128B30166819315055,Kota Madiun,3577,Madiun,exact
22746128B66141272433758,Kota Magelang,3371,Magelang,exact
22746128B73854317646589,Kota Makassar,7371,Makassar,exact
22746128B9724218643478,Kota Malang,3573,Malang,exact
22746128B83673204362612,Kota Manado,7171,Manado,exact
22746128B34810169298981,Kota Mataram,5271,Mataram,exact
22746128B40654739963843,Kota Medan,1275,Medan,exact
22746128B64737377738458,Kota Metro,1872,Metro,exact
22746128B53956788697299,Kota Mojokerto,3576,Mojokerto,exact
22746128B51925287869213,Kota Padang,1371,Padang,exact
22746128B34977061629525,Kota Padang Panjang,1374,Padang Panjang,exact
22746128B81378642761445,Kota Padangsidimpuan,1277,Padangsidimpuan,exact
22746128B19740076763731,Kota Pagar Alam,1673,Pagar Alam,exact
22746128B5087893857208,Kota Palangka Raya,6271,Palangka Raya,exact
22746128B87825164980488,Kota Palembang,1671,Palembang,exact
22746128B54354608226928,Kota Palopo,7373,Palopo,exact
22746128B23229204425516,Kota Palu,7271,Palu,exact
22746128B92282941938888,Kota Pangkal Pinang,1971,Pangkal Pinang,exact
22746128B37987509465042,Kota Parepare,7372,Parepare,exact
22746128B94413576870843,Kota Pariaman,1377,Pariaman,exact
22746128B86769429493629,Kota Pasuruan,3575,Pasuruan,exact
22746128B75816793285642,Kota Payakumbuh,1376,Payakumbuh,exact
22746128B98453198956040,Kota Pekalongan,3375,Pekalongan,exact
22746128B3549150233660,Kota Pekanbaru,1471,Pekanbaru,exact
22746128B46755595316405,Kota Pematang Siantar,1273,Pematang Siantar,exact
22746128B68403360613456,Kota Pontianak,6171,Pontianak,exact
22746128B13695709263199,Kota Prabumulih,1672,Prabumulih,exact
22746128B48742890195125,Kota Probolinggo,3574,Probolinggo,exact
22746128B78398648082643,Kota Sabang,1172,Sabang,exact
22746128B99456803569608,Kota Salatiga,3373,Salatiga,exact
22746128B87893249930832,Kota Samarinda,6472,Samarinda,exact
22746128B93370341632229,Kota Sawah Lunto,1373,Sawah Lunto,exact
22746128B5783483209745,Kota Semarang,3374,Semarang,exact
22746128B38845978082923,Kota Serang,3673,Serang,exact
22746128B47009036461165,Kota Sibolga,1271,Sibolga,exact
22746128B18670307275317,Kota Singkawang,6172,Singkawang,exact
22746128B30699524960223,Kota Solok,1372,Solok,exact
22746128B11366688050704,Kota Sorong,9171,Sorong,exact
22746128B20185680371825,Kota Subulussalam,1175,Subulussalam,exact
22746128B82825120895999,Kota Sukabumi,3272,Sukabumi,exact
22746128B31453944142504,Kota Sungai Penuh,1572,Sungai Penuh,exact
22746128B68603538827891,Kota Surabaya,3578,Surabaya,exact
22746128B33460906687482,Kota Surakarta,3372,Surakarta,exact
22746128B7613374511026,Kota Tangerang,3671,Tangerang,exact
22746128B62533997811788,Kota Tangerang Selatan,3674,Tangerang Selatan,exact
22746128B91306693093612,Kota Tanjung Balai,1272,Tanjung Balai,exact
22746128B73074683492420,Kota Tanjung Pinang,2172,Tanjung Pinang,exact
22746128B97983454808676,Kota Tarakan,6571,Tarakan,exact
22746128B57000549481658,Kota Tasikmalaya,3278,Tasikmalaya,exact
22746128B29639616204280,Kota Tebing Tinggi,1274,Tebing Tinggi,exact
22746128B85080883644541,Kota Tegal,3376,Tegal,exact
22746128B36781349389855,Kota Ternate,8271,Ternate,exact
22746128B24002479708791,Kota Tidore Kepulauan,8272,Tidore Kepulauan,exact
22746128B12552284418793,Kota Tomohon,7173,Tomohon,exact
22746128B79752231805890,Kota Tual,8172,Tual,exact
22746128B9761158776103,Kota Yogyakarta,3471,Yogyakarta,exact
22746128B93777795819955,Kotawaringin Barat,6201,Kotawaringin Barat,exact
22746128B94284518008212,Kotawaringin Timur,6202,Kotawaringin Timur,exact
22746128B8182037452639,Kuantan Singingi,1401,Kuantan Singingi,exact
22746128B69090577702614,Kubu Raya,6112,Kubu Raya,exact
22746128B61967707401144,Kudus,3319,Kudus,exact
22746128B43033686501526,Kulon Progo,3401,Kulon Progo,exact
22746128B44289127403365,Kuningan,3208,Kuningan,exact
22746128B27765258797580,Kupang,5303,Kupang,exact
22746128B93368126922918,Kutai Barat,6402,Kutai Barat,exact
22746128B55621143702768,Kutai Kartanegara,6403,Kutai Kartanegara,exact
22746128B75924443266043,Kutai Timur,6404,Kutai Timur,exact
22746128B75065966155231,Labuhan Batu,1207,Labuhan Batu,exact
22746128B23995987640193,Labuhan Batu Selatan,1222,Labuhan Batu Selatan,exact
22746128B7095356521044,Labuhan Batu Utara,1223,Labuhan Batu Utara,exact
22746128B84107388414918,Lahat,1604,Lahat,exact
22746128B62127435888540,Lamandau,6207,Lamandau,exact
22746128B62762388436916,Lamongan,3524,Lamongan,exact
22746128B74428971192525,Lampung Barat,1801,Lampung Barat,exact
22746128B4401734887211,Lampung Selatan,1803,Lampung Selatan,exact
22746128B57273633041967,Lampung Tengah,1805,Lampung Tengah,exact
22746128B49036162018248,Lampung Timur,1804,Lampung Timur,exact
22746128B16659764843822,Lampung Utara,1806,Lampung Utara,exact
22746128B55433427549228,Landak,6103,Landak,exact
22746128B45262154134474,Langkat,1213,Langkat,exact
22746128B21145180666794,Lanny Jaya,9430,Lanny Jaya,exact
22746128B73767534141998,Lebak,3602,Lebak,exact
22746128B6914990948320,Lebong,1707,Lebong,exact
22746128B62947944336237,Lembata,5308,Lembata,exact
22746128B97954273808268,Lima Puluh Kota,1308,Lima Puluh Kota,exact
22746128B41866695352092,Lingga,2104,Lingga,exact
22746128B38668827904245,Lombok Barat,5201,Lombok Barat,exact
22746128B98880758851169,Lombok Tengah,5202,Lombok Tengah,exact
22746128B55307338459902,Lombok Timur,5203,Lombok Timur,exact
22746128B90862663975631,Lombok Utara,5208,Lombok Utara,exact
22746128B76070527787319,Lumajang,3508,Lumajang,exact
22746128B94521952332625,Luwu,7317,Luwu,exact
22746128B1110744719374,Luwu Timur,7325,Luwu Timur,exact
22746128B26232805086319,Luwu Utara,7322,Luwu Utara,exact
22746128B56340035124164,Madiun,3519,Madiun,exact
22746128B50341569898666,Magelang,3308,Magelang,exact
22746128B43524249433579,Magetan,3520,Magetan,exact
22746128B30313932055345,Mahakam Hulu,6411,Mahakam Ulu,fuzzy
22746128B87647472826371,Majalengka,3210,Majalengka,exact
22746128B56869239776422,Majene,7601,Majene,exact
22746128B56140662064287,Malaka,5321,Malaka,exact
22746128B8866265958554,Malang,3507,Malang,exact
22746128B54632748429230,Malinau,6501,Malinau,exact
22746128B88480653802061,Maluku Barat Daya,8108,Maluku Barat Daya,exact
22746128B41463091507887,Maluku Tengah,8103,Maluku Tengah,exact
22746128B6545713511337,Maluku Tenggara,8102,Maluku Tenggara,exact
22746128B78864950196660,Maluku Tenggara Barat,8101,Maluku Tenggara Barat,exact
22746128B65559589019405,Mamasa,7603,Mamasa,exact
22746128B39960960221771,Mamberamo Raya,9428,Mamberamo Raya,exact
22746128B2349164731379,Mamberamo Tengah,9431,Mamberamo Tengah,exact
22746128B65468173429736,Mamuju,7604,Mamuju,exact
22746128B49136567123703,Mamuju Tengah,7606,Mamuju Tengah,exact
22746128B5634485200629,Mamuju Utara,7605,Pasangkayu,manual
22746128B80893459197040,Mandailing Natal,1202,Mandailing Natal,exact
22746128B41361424069199,Manggarai,5313,Manggarai,exact
22746128B27819456459641,Manggarai Barat,5315,Manggarai Barat,exact
22746128B57997288446056,Manggarai Timur,5319,Manggarai Timur,exact
22746128B58641314112332,Manokwari,9105,Manokwari,exact
22746128B90822416479405,Manokwari Selatan,9111,Manokwari Selatan,exact
22746128B63262525003276,Mappi,9414,Mappi,exact
22746128B73491405172020,Maros,7308,Maros,exact
22746128B44891092584435,Maybrat,9110,Maybrat,exact
22746128B3341090541732,Melawi,6110,Melawi,exact
22746128B13218426778114,Mempawah,6104,Mempawah,exact
22746128B71403115718321,Merangin,1502,Merangin,exact
22746128B65756496772256,Merauke,9401,Merauke,exact
22746128B5734020897269,Mesuji,1811,Mesuji,exact
22746128B99426029309213,Mimika,9412,Mimika,exact
22746128B63895215577583,Minahasa,7102,Minahasa,exact
22746128B98133955192071,Minahasa Selatan,7105,Minahasa Selatan,exact
22746128B38105670760260,Minahasa Tenggara,7109,Minahasa Tenggara,exact
22746128B90516172699691,Minahasa Utara,7106,Minahasa Utara,exact
22746128B795310620233,Mojokerto,3516,Mojokerto,exact
22746128B26432903559283,Morowali,7203,Morowali,exact
22746128B96188894812390,Morowali Utara,7212,Morowali Utara,exact
22746128B32446581498560,Muara Enim,1603,Muara Enim,exact
22746128B29274337249674,Muaro Jambi,1505,Muaro Jambi,exact
22746128B39825953538573,Mukomuko,1706,Mukomuko,exact
22746128B70372019871554,Muna,7402,Muna,exact
22746128B23924471266348,Muna Barat,7413,Muna Barat,exact
22746128B54866510421393,Murung Raya,6213,Murung Raya,exact
22746128B84212736337013,Musi Banyuasin,1606,Musi Banyuasin,exact
22746128B56500782521831,Musi Rawas,1605,Musi Rawas,exact
22746128B26074251210079,Musi Rawas Utara,1613,Musi Rawas Utara,exact
22746128B29146649309875,Nabire,9404,Nabire,exact
22746128B8237986094994,Nagan Raya,1115,Nagan Raya,exact
22746128B97494513966687,Nagekeo,5318,Nagekeo,exact
22746128B6637644559706,Natuna,2103,Natuna,exact
22746128B7624163664321,Nduga,9429,Nduga,exact
22746128B33181363193361,Ngada,5312,Ngada,exact
22746128B46559606025688,Nganjuk,3518,Nganjuk,exact
22746128B17210029520680,Ngawi,3521,Ngawi,exact
22746128B114560941686,Nias,1201,Nias,exact
22746128B23007358779926,Nias Barat,1225,Nias Barat,exact
22746128B70987165350034,Nias Selatan,1214,Nias Selatan,exact
22746128B50601239773602,Nias Utara,1224,Nias Utara,exact
22746128B24707766174966,Nunukan,6504,Nunukan,exact
22746128B50783491652131,Ogan Ilir,1610,Ogan Ilir,exact
22746128B6554957987252,Ogan Komering Ilir,1602,Ogan Komering Ilir,exact
22746128B55651065226017,Ogan Komering Ulu,1601,Ogan Komering Ulu,exact
22746128B38683854456350,Ogan Komering Ulu Selatan,1608,Ogan Komering Ulu Selatan,exact
22746128B29719145941035,Ogan Komering Ulu Timur,1609,Ogan Komering Ulu Timur,exact
22746128B46377021687256,Pacitan,3501,Pacitan,exact
22746128B18337582481574,Padang Lawas,1221,Padang Lawas,exact
22746128B6160471216736,Padang Lawas Utara,1220,Padang Lawas Utara,exact
22746128B3683779023382,Padang Pariaman,1306,Padang Pariaman,exact
22746128B12751431115951,Pakpak Bharat,1216,Pakpak Bharat,exact
22746128B37926964335633,Pamekasan,3528,Pamekasan,exact
22746128B79755996911998,Pandeglang,3601,Pandeglang,exact
22746128B59857718615465,Pangandaran,3218,Pangandaran,exact
22746128B84288456023840,Pangkajene Dan Kepulauan,7309,Pangkajene Dan Kepulauan,exact
22746128B72382312298600,Paniai,9410,Paniai,exact
22746128B5854376167403,Parigi Moutong,7208,Parigi Moutong,exact
22746128B82897046958257,Pasaman,1309,Pasaman,exact
22746128B95220206981522,Pasaman Barat,1312,Pasaman Barat,exact
22746128B17746000623405,Paser,6401,Paser,exact
22746128B81373906315979,Pasuruan,3514,Pasuruan,exact
22746128B37789509782125,Pati,3318,Pati,exact
22746128B30560862468368,Pegunungan Arfak,9112,Pegunungan Arfak,exact
22746128B40289792856685,Pegunungan Bintang,9417,Pegunungan Bintang,exact
22746128B43405552393366,Pekalongan,3326,Pekalongan,exact
22746128B44055596539945,Pelalawan,1404,Pelalawan,exact
22746128B43122306499336,Pemalang,3327,Pemalang,exact
22746128B96540112180119,Penajam Paser Utara,6409,Penajam Paser Utara,exact
22746128B2393542990028,Penukal Abab Lematang Ilir,1612,Penukal Abab Lematang Ilir,exact
22746128B94381737455512,Pesawaran,1809,Pesawaran,exact
22746128B87029922352837,Pesisir Barat,1813,Pesisir Barat,exact
22746128B35993392452682,Pesisir Selatan,1302,Pesisir Selatan,exact
22746128B35853530005037,Pidie,1109,Pidie,exact
22746128B77747107542596,Pidie Jaya,1118,Pidie Jaya,exact
22746128B71783882222616,Pinrang,7315,Pinrang,exact
22746128B36723886609479,Pohuwato,7503,Pohuwato,exact
22746128B50766380968306,Polewali Mandar,7602,Polewali Mandar,exact
22746128B39928875112308,Ponorogo,3502,Ponorogo,exact
22746128B71918225941207,Poso,7204,Poso,exact
22746128B80903663444835,Pringsewu,1810,Pringsewu,exact
22746128B57336658570108,Probolinggo,3513,Probolinggo,exact
22746128B75083695068268,Pulang Pisau,6210,Pulang Pisau,exact
22746128B67952855762127,Pulau Morotai,8207,Pulau Morotai,exact
22746128B98781354669228,Pulau Taliabu,8208,Pulau Taliabu,exact
22746128B1222572676249,Puncak,9433,Puncak,exact
22746128B50358350022934,Puncak Jaya,9411,Puncak Jaya,exact
22746128B86887436396051,Purbalingga,3303,Purbalingga,exact
22746128B43709097539954,Purwakarta,3214,Purwakarta,exact
22746128B47019757463267,Purworejo,3306,Purworejo,exact
22746128B90221566890304,Raja Ampat,9108,Raja Ampat,exact
22746128B47928451075254,Rejang Lebong,1702,Rejang Lebong,exact
22746128B94981829239468,Rembang,3317,Rembang,exact
22746128B71759944188311,Rokan Hilir,1409,Rokan Hilir,exact
22746128B35208725321264,Rokan Hulu,1407,Rokan Hulu,exact
22746128B61006797400672,Rote Ndao,5314,Rote Ndao,exact
22746128B67076907647447,Sabu Raijua,5320,Sabu Raijua,exact
22746128B87993072617697,Sambas,6101,Sambas,exact
22746128B81816662901100,Samosir,1217,Samosir,exact
22746128B2542813239591,Sampang,3527,Sampang,exact
22746128B74989070523542,Sanggau,6105,Sanggau,exact
22746128B27261093121909,Sarmi,9419,Sarmi,exact
22746128B44731308508060,Sarolangun,1503,Sarolangun,exact
22746128B16160803458764,Sekadau,6109,Sekadau,exact
22746128B87861638449066,Seluma,1705,Seluma,exact
22746128B46914217687538,Semarang,3322,Semarang,exact
22746128B92585048181027,Seram Bagian Barat,8106,Seram Bagian Barat,exact
22746128B38603798591380,Seram Bagian Timur,8107,Seram Bagian Timur,exact
22746128B3242616561013,Serang,3604,Serang,exact
22746128B52277249956552,Serdang Bedagai,1218,Serdang Bedagai,exact
22746128B10156150641021,Seruyan,6208,Seruyan,exact
22746128B48036345674071,Siak,1405,S I A K,exact
22746128B24839603722983,Siau Tagulandang Biaro,7108,Siau Tagulandang Biaro,exact
22746128B89870320898123,Sidenreng Rappang,7314,Sidenreng Rappang,exact
22746128B7257810863239,Sidoarjo,3515,Sidoarjo,exact
22746128B27078250924142,Sigi,7210,Sigi,exact
22746128B5140836931072,Sijunjung,1304,Sijunjung,exact
22746128B25889265457696,Sikka,5310,Sikka,exact
22746128B18371020983209,Simalungun,1209,Simalungun,exact
22746128B32199422560180,Simeulue,1101,Simeulue,exact
22746128B62270956264702,Sinjai,7307,Sinjai,exact
22746128B74245273608062,Sintang,6107,Sintang,exact
22746128B65817775308435,Situbondo,3512,Situbondo,exact
22746128B68764842139539,Sleman,3404,Sleman,exact
22746128B59065860162276,Solok,1303,Solok,exact
22746128B25846553351835,Solok Selatan,1310,Solok Selatan,exact
22746128B93867843889604,Soppeng,7312,Soppeng,exact
22746128B25112391877259,Sorong,9107,Sorong,exact
22746128B99267537228675,Sorong Selatan,9106,Sorong Selatan,exact
22746128B28263166501815,Sragen,3314,Sragen,exact
22746128B90150108137034,Subang,3213,Subang,exact
22746128B66929526216355,Sukabumi,3202,Sukabumi,exact
22746128B44365111458704,Sukamara,6206,Sukamara,exact
22746128B41417259813102,Sukoharjo,3311,Sukoharjo,exact
22746128B3578697728098,Sumba Barat,5301,Sumba Barat,exact
22746128B80160169684098,Sumba Barat Daya,5317,Sumba Barat Daya,exact
22746128B11743482298506,Sumba Tengah,5316,Sumba Tengah,exact
22746128B15873256673931,Sumba Timur,5302,Sumba Timur,exact
22746128B848155691224,Sumbawa,5204,Sumbawa,exact
22746128B87271379033569,Sumbawa Barat,5207,Sumbawa Barat,exact
22746128B19624873108228,Sumedang,3211,Sumedang,exact
22746128B46307112426649,Sumenep,3529,Sumenep,exact
22746128B73598541988454,Supiori,9427,Supiori,exact
22746128B29828162207979,Tabalong,6309,Tabalong,exact
22746128B4646422714630,Tabanan,5102,Tabanan,exact
22746128B33549586615312,Takalar,7305,Takalar,exact
22746128B68810971865676,Tambrauw,9109,Tambrauw,exact
22746128B22343651246279,Tana Tidung,6503,Tana Tidung,exact
22746128B55477646801661,Tana Toraja,7318,Tana Toraja,exact
22746128B5843223707622,Tanah Bumbu,6310,Tanah Bumbu,exact
22746128B43985885623603,Tanah Datar,1305,Tanah Datar,exact
22746128B54914598899185,Tanah Laut,6301,Tanah Laut,exact
22746128B62876177397182,Tangerang,3603,Tangerang,exact
22746128B69666188283297,Tanggamus,1802,Tanggamus,exact
22746128B97653119007289,Tanjung Jabung Barat,1507,Tanjung Jabung Barat,exact
22746128B13468366985120,Tanjung Jabung Timur,1506,Tanjung Jabung Timur,exact
22746128B22210082667393,Tapanuli Selatan,1203,Tapanuli Selatan,exact
22746128B86210793324026,Tapanuli Tengah,1204,Tapanuli Tengah,exact
22746128B99937545443202,Tapanuli Utara,1205,Tapanuli Utara,exact
22746128B54842505361870,Tapin,6305,Tapin,exact
22746128B89217704079934,Tasikmalaya,3206,Tasikmalaya,exact
22746128B61304276790881,Tebo,1508,Tebo,exact
22746128B39713682939315,Tegal,3328,Tegal,exact
22746128B11480476919105,Teluk Bintuni,9104,Teluk Bintuni,exact
22746128B47515282892276,Teluk Wondama,9103,Teluk Wondama,exact
22746128B37534287210764,Temanggung,3323,Temanggung,exact
22746128B39495189442435,Timor Tengah Selatan,5304,Timor Tengah Selatan,exact
22746128B66987763142599,Timor Tengah Utara,5305,Timor Tengah Utara,exact
22746128B48431928866564,Toba Samosir,1206,Toba,manual
22746128B20933115656615,Tojo Una-Una,7209,Tojo Una-Una,exact
22746128B86630799177927,Toli-Toli,7206,Toli-Toli,exact
22746128B10432975654062,Tolikara,9418,Tolikara,exact
22746128B99951949618583,Toraja Utara,7326,Toraja Utara,exact
22746128B86316028646138,Trenggalek,3503,Trenggalek,exact
22746128B21203406788524,Tuban,3523,Tuban,exact
22746128B7348236235073,Tulang Bawang Barat,1812,Tulang Bawang Barat,exact
22746128B49188423555547,Tulangbawang,1808,Tulangbawang,exact
22746128B2754392863745,Tulungagung,3504,Tulungagung,exact
22746128B76055711701199,Waduk Cirata,,,EXCLUDED
22746128B86942252851890,Wadung Kedungombo,,,EXCLUDED
22746128B4429389080756,Wajo,7313,Wajo,exact
22746128B42553963392557,Wakatobi,7407,Wakatobi,exact
22746128B12986554349068,Waropen,9426,Waropen,exact
22746128B8708218473228,Way Kanan,1807,Way Kanan,exact
22746128B32217084331074,Wonogiri,3312,Wonogiri,exact
22746128B92173297199140,Wonosobo,3307,Wonosobo,exact
22746128B87177062694316,Yahukimo,9416,Yahukimo,exact
22746128B10188501962211,Yalimo,9432,Yalimo,exact
